{
  "aliases": {
    "abr": "Abu Road",
    "adb": "Adilabad",
    "ad": "Adoni",
    "adra": "Adra",
    "agtl": "Agartala",
    "af": "Agra Fort",
    "agc": "Agra Cantt",
    "ang": "Ahmadnagar",
    "adi": "Ahmedabad",
    "aii": "Ajmer",
    "ajni": "Ajni",
    "ak": "Akola",
    "aljn": "Aligarh",
    "apdj": "Alipurduar",
    "ald": "Allahabad",
    "allp": "Alappuzha",
    "lwr": "Alnawar",
    "awy": "Aluva",
    "awr": "Alwar",
    "an": "Amalner",
    "aadr": "Amb Andavra",
    "umb": "Ambala Cantt",
    "abkp": "Ambikapur",
    "amla": "Amla",
    "asr": "Amritsar",
    "akp": "Anakapalle",
    "annd": "Anand",
    "andn": "Anand Nagar",
    "anvt": "Anand Vihar Terminus",
    "atp": "Anantapur",
    "angl": "Angul",
    "anv": "Annavaram",
    "apr": "Anuppur",
    "ara": "Ara",
    "ajj": "Arakkonam",
    "ask": "Arsikere",
    "asn": "Asansol",
    "arj": "Aunrihar",
    "awb": "Aurangabad",
    "ay": "Ayodhya",
    "amh": "Azamgarh",
    "az": "Azimganj",
    "bpb": "Badarpur",
    "bd": "Badnera",
    "bgk": "Bagalkot",
    "bpm": "Baghpat Road",
    "bdme": "Baidyanathdham",
    "bkp": "Bakhtiyarpur",
    "bls": "Balasore",
    "btc": "Balaghat",
    "blgr": "Balangir",
    "blgt": "Balurghat",
    "bpq": "Balharshah",
    "bui": "Ballia",
    "bnq": "Banarhat",
    "bnda": "Banda",
    "bdc": "Bandel",
    "bki": "Bandikui",
    "bdts": "Bandra Terminus",
    "sbc": "Bangalore City",
    "bnc": "Bangalore Cantt",
    "bwt": "Bangarapet",
    "bgy": "Bangriposi",
    "bqa": "Bankura",
    "bnki": "Banmankhi",
    "bpp": "Bapatla",
    "bbk": "Barabanki",
    "bbn": "Barbil",
    "baz": "Baran",
    "bju": "Barauni",
    "btu": "Baraut",
    "bwn": "Barddhaman",
    "be": "Bareilly",
    "brga": "Bargarh Road",
    "brka": "Barkakana",
    "bme": "Barmer",
    "boe": "Barsoi",
    "brwd": "Barwadih",
    "bsx": "Basar",
    "bst": "Basti",
    "bti": "Bathinda",
    "bxn": "Bayana",
    "beas": "Beas",
    "ber": "Beawar",
    "bap": "Belapur",
    "bgm": "Belgaum",
    "bay": "Bellary",
    "bth": "Bettiah",
    "bzu": "Betul",
    "boy": "Bhadohi",
    "bhc": "Bhadrak",
    "bgp": "Bhagalpur",
    "bte": "Bharatpur",
    "bh": "Bharuch",
    "byt": "Bhatapara",
    "btt": "Bhatni",
    "bvc": "Bhavnagar",
    "bhl": "Bhilwara",
    "bnw": "Bhiwani",
    "bpl": "Bhopal",
    "bbs": "Bhubaneswar",
    "bhuj": "Bhuj",
    "bsl": "Bhusaval",
    "bjp": "Bijapur",
    "bkn": "Bikaner",
    "bsp": "Bilaspur",
    "bina": "Bina",
    "bksc": "Bokaro Steel City",
    "bvi": "Borivali",
    "btd": "Botad",
    "bxr": "Buxar",
    "cbe": "Coimbatore",
    "mas": "Chennai Central",
    "ms": "Chennai Egmore",
    "cpr": "Chhapra",
    "cdg": "Chandigarh",
    "cgl": "Chengalpattu",
    "cnr": "Chengannur",
    "clx": "Chirala",
    "cor": "Chittaurgarh",
    "cpu": "Chopan",
    "ctc": "Cuttack",
    "dr": "Dadar",
    "dd": "Daund",
    "dvg": "Davangere",
    "ddn": "Dehradun",
    "dli": "Delhi",
    "ndls": "New Delhi",
    "dee": "Delhi Sarai Rohilla",
    "dhn": "Dhanbad",
    "dbb": "Dhubri",
    "dbgr": "Dibrugarh",
    "dmv": "Dimapur",
    "durg": "Durg",
    "dgr": "Durgapur",
    "dwk": "Dwarka",
    "ee": "Eluru",
    "ers": "Ernakulam",
    "ed": "Erode",
    "etw": "Etawah",
    "fd": "Faizabad",
    "gaya": "Gaya",
    "gzb": "Ghaziabad",
    "ghy": "Guwahati",
    "gwl": "Gwalior",
    "hwh": "Howrah",
    "hyb": "Hyderabad",
    "indb": "Indore",
    "jbp": "Jabalpur",
    "jp": "Jaipur",
    "jat": "Jammu Tawi",
    "jhs": "Jhansi",
    "ju": "Jodhpur",
    "kcg": "Kacheguda",
    "kyq": "Kamakhya",
    "cnb": "Kanpur Central",
    "kpd": "Katpadi",
    "kir": "Katihar",
    "kota": "Kota",
    "ltt": "Lokmanya Tilak Terminus",
    "lko": "Lucknow",
    "ldh": "Ludhiana",
    "mad": "Maddur",
    "mao": "Madgaon",
    "mdu": "Madurai",
    "mmr": "Manmad",
    "cstm": "Mumbai CST",
    "bct": "Mumbai Central",
    "ngp": "Nagpur",
    "nzm": "Nizamuddin",
    "okha": "Okha",
    "pune": "Pune",
    "puri": "Puri",
    "rnc": "Ranchi",
    "rtm": "Ratlam",
    "re": "Rewari",
    "rou": "Rourkela",
    "sre": "Saharanpur",
    "scl": "Silchar",
    "sml": "Shimla",
    "sc": "Secunderabad",
    "sur": "Solapur",
    "st": "Surat",
    "tata": "Tatanagar",
    "tvc": "Thiruvananthapuram",
    "tpj": "Tiruchirappalli",
    "tpty": "Tirupati",
    "ten": "Tirunelveli",
    "udn": "Udhna",
    "udupi": "Udupi",
    "ujn": "Ujjain",
    "bsb": "Varanasi",
    "vskp": "Visakhapatnam",
    "wl": "Warangal",
    "wr": "Wardha",
    "ypr": "Yesvantpur"
  }
}
