{
  "cities": [
    "Mumbai",
    "Delhi",
    "Bangalore",
    "Chennai",
    "Kolkata",
    "Hyderabad",
    "Pune",
    "Ahmedabad",
    "Jaipur",
    "Surat",
    "Lucknow",
    "Kanpur",
    "Nagpur",
    "Indore",
    "Thane",
    "Bhopal",
    "Visakhapatnam",
    "Patna",
    "Vadodara",
    "Ghaziabad",
    "Ludhiana",
    "Agra",
    "Nashik",
    "Faridabad",
    "Meerut",
    "Rajkot",
    "Varanasi",
    "Srinagar",
    "Amritsar",
    "Chandigarh",
    "Goa",
    "Kochi",
    "Trivandrum",
    "Coimbatore",
    "Mysore",
    "Mangalore",
    "Vijayawada",
    "Tirupati",
    "Shimla",
    "Manali",
    "Dehradun",
    "Haridwar",
    "Rishikesh",
    "Udaipur",
    "Jodhpur",
    "Jaisalmer",
    "Pushkar",
    "Ajmer",
    "Bikaner"
  ]
}
